"a girl, a boy","riña, taoba"
"a mother, a father","muña, kepa"
The woman is happy.,Ābra kirine issa.
My father is happy.,Ñuha kepa kirine issa.
The man is happy.,Vala kirine issa.
The girl is happy.,Riña kirine issa.
The fathers and the mothers are happy.,Kepi muñī kirini issi.
The girl and the boy are singing.,Riña taobā vāedis.
The boy and the men are sleeping.,Taoba valī ēdrusi.
The knights and the women are singing.,Azantyssy ābrī vāedis.
The mothers and the fathers are singing.,Muñi kepī vāedis.
The girl and the woman are good.,Riña ābrā sȳri issi.
The boy and the man are smiling.,Taoba valā līrisi.
The fathers and mothers are sleeping.,Kepi muñī ēdrusi.
The man and the boy are sweating.,Vala taobā nagesi.
The men and women are sweating.,Vali ābrī nagesi.
The woman and the man are smiling.,Ābra valā līrisi.
The boy and the men are sweating.,Taoba valī nagesi.
The girl and the woman are smiling.,Riña ābrā līrisi.
The women and the men are smiling.,Ābri valī līrisi.
The birds and the fathers are happy.,Hontesse kepī kirini issi.
"a boy, a girl","taoba, riña"
She is my mom.,Ñuha muña issa.
a happy man,kirine vala
He is my dad.,Ñuha kepa issa.
a happy woman,ābra kirine
He is a man.,Vala issa.
the happy boy,kirine taoba
The father is a man.,Kepa vala issa.
The man is a father.,Vala kepa issa.
My mother is happy.,Ñuha muña kirine issa.
The mother is a woman.,Muña ābra issa.
my happy father,ñuha kepa kirine
The knight is singing.,Azantys vāedas.
a good bird,sȳz hontes
The woman is singing.,Ābra vāedas.
The man is singing.,Vala vāedas.
The girl is smiling.,Riña līris.
You are a good knight.,Sȳz azantys iksā.
The boy is sweating.,Taoba nages.
The good mother is sleeping.,Sȳz muña ēdrus.
The bird is sleeping.,Hontes ēdrus.
I am a girl.,Riña iksan.
The girl is sleeping.,Riña ēdrus.
He is sweating.,Nages.
I am a man.,Vala iksan.
My good father is smiling.,Ñuha sȳz kepa līris.
You are a mother.,Muña iksā.
The boy is happy.,Taoba kirine issa.
my mother,ñuha muña
the happy girl,kirine riña
She is a woman.,Ābra issa.
The boy is sleeping.,Taoba ēdrus.
My mother is sweating.,Ñuha muña nages.
The knight is sleeping.,Azantys ēdrus.
The man is smiling.,Vala līris.
You are a happy girl.,Kirine riña iksā.
The good knight is singing.,Sȳz azantys vāedas.
My mom is singing.,Ñuha muña vāedas.
The woman is smiling.,Ābra līris.
The good knight is sweating.,Sȳz azantys nages.
You are a boy.,Taoba iksā.
You are a good bird.,Sȳz hontes iksā.
We are women.,Ābri iksi.
You all are happy women.,Kirini ābri iksāt.
The men are knights.,Vali azantyssy issi.
You all are happy girls.,Kirini riñi iksāt.
The boys are happy.,Taobi kirini issi.
The knights are happy.,Azantyssy kirini issi.
The women are happy.,Ābri kirini issi.
We are girls.,Riñi iksi.
They are boys.,Taobi issi.
You all are girls.,Riñi iksāt.
They are knights.,Azantyssy issi.
They are women.,Ābri issi.
The good dads are smiling.,Sȳri kepi līrisi.
The boys are sweating.,Taobi nagesi.
The birds are singing.,Hontesse vāedis.
The mothers are smiling.,Muñi līrisi.
The happy birds are sleeping!,Kirini hontesse ēdrusi!
My mothers are happy.,Ñuhi muñi kirini issi.
My mothers are smiling.,Ñuhi muñi līrisi.
The happy birds are singing.,Kirini hontesse vāedis.
The good girls are asleep.,Sȳri riñi ēdrusi.
My fathers are good.,Ñuhi kepi sȳri issi.
My girls are good.,Ñuhi riñi sȳri issi.
My fathers are singing.,Ñuhi kepi vāedis.
The mothers and the fathers are sleeping.,Muñi kepī ēdrusi.
The men and the women are smiling.,Vali ābrī līrisi.
The boy and the men are smiling.,Taoba valī līrisi.
The boy and the man are sleeping.,Taoba valā ēdrusi.
The girl and the boy are sleeping.,Riña taobā ēdrusi.
The boy and the man are good.,Taoba valā sȳri issi.
The birds and the woman are singing.,Hontesse ābrā vāedis.
The girl and boy are happy.,Riña taobā kirini issi.
The man and the woman are knights.,Vala ābrā azantyssy issi.
The fathers and mothers are smiling.,Kepi muñī līrisi.
The girl and the women are asleep.,Riña ābrī ēdrusi.
The women and the men are good.,Ābri valī sȳri issi.
my dad,ñuha kepa
The woman is a mother.,Ābra muña issa.
She is singing.,Vāedas.
The happy knight is smiling.,Kirine azantys līris.
You are a girl.,Riña iksā.
You are a knight.,Azantys iksā.
She is sleeping.,Ēdrus.
My happy mother is sweating.,Ñuha kirine muña nages.
I am a woman.,Ābra iksan.
I am a happy woman.,Kirine ābra iksan.
We are knights.,Azantyssy iksi.
We are happy.,Kirini iksi.
You all are men.,Vali iksāt.
We are happy boys.,Kirini taobi iksi.
The good birds are singing.,Sȳri hontesse vāedis.
The birds are sleeping.,Hontesse ēdrusi.
The mothers are singing.,Muñi vāedis.
The fathers are smiling.,Kepi līrisi.
They are singing.,Vāedis.
The happy mothers are smiling.,Kirini muñi līrisi.
My boys are good.,Ñuhi taobi sȳri issi.
They are men and fathers.,Vali kepī issi.
The bird and the boy are singing.,Hontes taobā vāedis.
The woman and the man are sleeping.,Ābra valā ēdrusi.
The women and men are happy.,Ābri valī kirini issi.
The men and the mothers are knights.,Vali muñī azantyssy issi.
She is a girl.,Riña issa.
"a father, a mother","kepa, muña"
You are a good mother.,Sȳz muña iksā.
The happy man is singing.,Kirine vala vāedas.
I am happy.,Kirine iksan.
The boy is smiling.,Taoba līris.
The knight is happy.,Azantys kirine issa.
I am a good father.,Sȳz kepa iksan.
My good boy is sleeping.,Ñuha sȳz taoba ēdrus.
The women are knights.,Ābri azantyssy issi.
You all are happy boys.,Kirini taobi iksāt.
You all are happy knights.,Kirini azantyssy iksāt.
We are happy girls.,Kirini riñi iksi.
They are men.,Vali issi.
We are happy men.,Kirini vali iksi.
The good birds are sleeping.,Sȳri hontesse ēdrusi.
The fathers are singing.,Kepi vāedis.
The girls are smiling.,Riñi līrisi.
They are sweating.,Nagesi.
The good boys are sleeping.,Sȳri taobi ēdrusi.
My mothers are good.,Ñuhi muñi sȳri issi.
The boy and the man are happy.,Taoba valā kirini issi.
They are mothers and fathers.,Muñi kepī issi.
The men and women are knights.,Vali ābrī azantyssy issi.
The bird and the boy are sleeping.,Hontes taobā ēdrusi.
The boy and the man are sweating.,Taoba valā nagesi.
The mothers and the fathers are smiling.,Muñi kepī līrisi.
They are women and mothers.,Ābri muñī issi.
We are happy knights.,Kirini azantyssy iksi.
Welcome!,Jiōrna!
"No, my father is sleeping.","Daor, kepa ñuha ēdrus."
Hello! I am a knight.,Rytsas! Azantys iksan.
Greetings and welcome!,Rytsas se jiōrna!
Thank you and welcome!,Kirimvose se jiōrna!
"Yes, I am happy.","Issa, kirine iksan."
Thank you! You're welcome!,Kirimvose! Biarvose!
"Thank you, no.",Kirimvose daor.
"No, she is a girl.","Daor, riña issa."
"Yes, I am a mother.","Issa, muña iksan."
"I am good, thank you.","Sȳz iksan, kirimvose."
You're welcome!,Biarvose!
Yes.,Issa.
And you're welcome!,Se biarvose!
I am a woman and you are a man.,Ābra iksan se vala iksā.
All men must die.,Valar morghūlis.
Please.,Kostilus.
Goodbye!,Geros ilas!
"Goodbye, all men must serve.","Geros ilas, valar dohaeris."
Actually all men must serve.,Drīvose valar dohaeris.
"Hello, all men must die.","Rytsas, valar morghūlis."
All men must serve?,Valar dohaeris?
All men must die. Farewell.,Valar morghūlis. Geros ilas.
Must all men die?,Valar morghūlis?
Thank you. All men must serve.,Kirimvose. Valar dohaeris.
Actually the boy is asleep.,Drīvose taoba ēdrus.
"No, please.","Daor, kostilus."
All men must die. All men must serve.,Valar morghūlis. Valar dohaeris.
All men must serve.,Valar dohaeris.
"Hello, Daenerys!","Rytsas, Daenerys!"
My name is Daenerys.,Ñuha brōzi Daenerys issa.
My name is Jon.,Ñuha brōzi Iōnos issa.
Hello again!,Rytsas arlī!
Truly my name is Jon.,Drējī ñuha brōzi Iōnos issa.
"Hello, Jon!","Rytsas, Iōnos!"
"Welcome, my name is Jon.","Jiōrna, ñuha brōzi Iōnos issa."
Farewell again!,Geros ilas arlī!
"All men must die, Jon.","Valar morghūlis, Iōnos."
"Thank you, Jon!","Kirimvose, Iōnos!"
Jon is sleeping again.,Iōnos arlī ēdrus.
Thank you again!,Kirimvose arlī!
Hello! My name is Jon.,Rytsas! Ñuha brōzi Iōnos issa.
"You're welcome, Jon.","Biarvose, Iōnos."
No.,Daor.
Hello!,Rytsas!
Yes! Welcome!,Issa! Jiōrna!
Yes! Hello!,Issa! Rytsas!
The boy is singing and the girl is sleeping.,Taoba vāedas se riña ēdrus.
Thank you and hello!,Kirimvose se rytsas!
"Yes, the boys are good.","Issa, taobi sȳri issi."
Farewell. All men must die.,Geros ilas. Valar morghūlis.
"Yes, please.","Issa, kostilus."
Please and thank you.,Kostilus se kirimvose.
Actually the knight is a woman.,Drīvose azantys ābra issa.
"Actually, my father is a bird.",Drīvose ñuha kepa hontes issa.
Truly my name is Daenerys.,Drējī ñuha brōzi Daenerys issa.
Are you truly happy?,Drējī kirine iksā?
"Hello, I am Jon.","Rytsas, Iōnos iksan."
"Yes, truly I am Daenerys.","Issa, drējī Daenerys iksan."
Daenerys is happy again.,Daenerys kirine arlī issa.
Daenerys is very happy.,Daenerys drējī kirine issa.
Thank you.,Kirimvose.
Hello! Welcome!,Rytsas! Jiōrna!
Welcome! No.,Jiōrna! Daor.
Thank you and you're welcome.,Kirimvose se biarvose.
"Yes, it is a bird.","Issa, hontes issa."
"Yes, you're welcome.","Issa, biarvose."
"You're welcome, knight.","Biarvose, azantys."
Actually my mother is sleeping.,Drīvose ñuha muña ēdrus.
Please! My mom is sleeping!,Kostilus! Ñuha muña ēdrus!
Goodbye and thank you!,Geros ilas se kirimvose!
Not actually.,Drīvose daor.
"No, Jon.","Daor, Iōnos."
"You're welcome, Daenerys.","Biarvose, Daenerys."
I really am a knight.,Drējī azantys iksan.
"Thank you, Daenerys!","Kirimvose, Daenerys!"
I am very happy again.,Drējī kirine arlī iksan.
"Welcome, Daenerys! My name is Jon.","Jiōrna, Daenerys! Ñuha brōzi Iōnos issa."
"Yes, thank you!","Issa, kirimvose!"
Yes and no.,Issa se daor.
"Yes, he is a man.","Issa, vala issa."
"Yes, I am a father.","Issa, kepa iksan."
Please do not.,Kostilus daor.
Thank you and farewell!,Kirimvose se geros ilas!
"Actually, the men and the women are happy.",Drīvose vali ābrī kirini issi.
"Yes, Daenerys.","Issa, Daenerys."
I see the women.,Ābrī urnen.
I see a man.,Vale urnen.
The knight sees a man.,Azantys vale urnes.
He sees the boy.,Taobe urnes.
She sees the girl.,Riñe urnes.
The girls see a boy.,Riñi taobe urnesi.
The boy sees the woman.,Taoba ābre urnes.
The boys see a man.,Taobi vale urnesi.
The men see the boy.,Vali taobe urnesi.
The birds see the girl.,Hontesse riñe urnesi.
I see a woman.,Ābre urnen.
The man sees the woman.,Vala ābre urnes.
The man sees a bird.,Vala hontī urnes.
The knight sees the father.,Azantys kepe urnes.
The mothers hear the father.,Muñi kepe rȳbis.
The woman sees the knight.,Ābra azanti urnes.
The boys love the birds.,Taobi hontī jorrāelzi.
The knights love the woman.,Azantyssy ābre jorrāelzi.
Does the boy love the girl?,Taoba riñe jorrāelza?
I hear a man.,Vale rȳban.
The boy sees the mother.,Taoba muñe urnes.
The mother sees the girl and hears the boy.,Muña riñe urnes se taobe rȳbas.
The fathers hear the mother.,Kepi muñe rȳbis.
The boy loves the knights.,Taoba azantī jorrāelza.
The boy admires the knights.,Taoba azantī majaqsa.
I hear the boys.,Taobī rȳban.
The girls are admiring the boys.,Riñi taobī majaqis.
The women see girls.,Ābri riñī urnesi.
The dad praises the girl.,Kepa riñe rijas.
They are praising the knights.,Azantī rijis.
I see the girls.,Riñī urnen.
Knights see the boys.,Azantyssy taobī urnesi.
The girl admires the knight.,Riña azanti majaqsa.
The boy is praising a girl.,Taoba riñe rijas.
They are praising the birds.,Hontī rijis.
They are admiring the birds.,Hontī majaqis.
The knight is praising the women.,Azantys ābrī rijas.
The girl sees the woman.,Riña ābre urnes.
I see a boy.,Taobe urnen.
The women see a boy.,Ābri taobe urnesi.
Does the man see a woman?,Vala ābre urnes?
The knight sees a girl.,Azantys riñe urnes.
The woman sees a man.,Ābra vale urnes.
The man sees a boy.,Vala taobe urnes.
The bird hears a woman.,Hontes ābre rȳbas.
The girls hear the birds.,Riñi hontī rȳbis.
The girls love the knight.,Riñi azanti jorrāelzi.
I hear the father.,Kepe rȳban.
The father loves the mother.,Kepa muñe jorrāelza.
The knight loves the bird.,Azantys hontī jorrāelza.
The men hear a knight.,Vali azanti rȳbis.
The woman sees a bird.,Ābra hontī urnes.
I hear the mother.,Muñe rȳban.
The men are admiring the women.,Vali ābrī majaqis.
The mother loves the knights.,Muña azantī jorrāelza.
The mothers are praising the boys.,Muñi taobī rijis.
The woman sees a boy.,Ābra taobe urnes.
The woman sees a girl.,Ābra riñe urnes.
The girl sees the man.,Riña vale urnes.
The knights see a woman.,Azantyssy ābre urnesi.
The men see a girl.,Vali riñe urnesi.
The knight sees a woman.,Azantys ābre urnes.
The man sees a knight.,Vala azanti urnes.
The knight loves the father.,Azantys kepe jorrāelza.
The boy hears the father.,Taoba kepe rȳbas.
I hear a knight.,Azanti rȳban.
The knights hear the bird.,Azantyssy hontī rȳbis.
The woman hears the man.,Ābra vale rȳbas.
The knights hear the father.,Azantyssy kepe rȳbis.
The boy admires the girl.,Taoba riñe majaqsa.
The boys are admiring the knights.,Taobi azantī majaqis.
My father admires the mother.,Ñuha kepa muñe majaqsa.
The father is praising the girls.,Kepa riñī rijas.
The fathers are praising the boys.,Kepi taobī rijis.
The good knight is praising a bird.,Sȳz azantys hontī rijas.
The women are praising the knights.,Ābri azantī rijis.
The girl sees a boy.,Riña taobe urnes.
The knights see a man.,Azantyssy vale urnesi.
I see the mothers.,Muñī urnen.
The boys hear the knight.,Taobi azanti rȳbis.
The man hears the boy.,Vala taobe rȳbas.
The boys love the knight.,Taobi azanti jorrāelzi.
The knights hear the mother.,Azantyssy muñe rȳbis.
The men admire the knight.,Vali azanti majaqis.
The boys are praising the girls.,Taobi riñī rijis.
I hear the knights.,Azantī rȳban.
A knight is admiring the boys.,Azantys taobī majaqsa.
A woman is praising the boys.,Ābra taobī rijas.
The birds see a woman.,Hontesse ābre urnesi.
I see a girl.,Riñe urnen.
The boy sees a man.,Taoba vale urnes.
The girls see a man.,Riñi vale urnesi.
The boys hear birds.,Taobi hontī rȳbis.
"No, the boy hears a girl.","Daor, taoba riñe rȳbas."
Birds hear the knight.,Hontesse azanti rȳbis.
The boy loves the mother.,Taoba muñe jorrāelza.
The men love the knight.,Vali azanti jorrāelzi.
The bird loves the father.,Hontes kepe jorrāelza.
The girl hears a bird.,Riña hontī rȳbas.
The mother is praising the boys.,Muña taobī rijas.
The mom is praising the girls.,Muña riñī rijas.
The fathers are praising the girls.,Kepi riñī rijis.
The mothers are praising the girls.,Muñi riñī rijis.
They are admiring the knights.,Azantī majaqis.
The long sword is good.,Korze sȳz issa.
This one is my long sword.,Kesy ñuha korze issa.
This one is a long sword.,Kesy korze issa.
The guest is happy.,Zentys kirine issa.
This is the knight.,Bisy azantys issa.
This one is my father.,Bisy ñuha kepa issa.
This is a good bird.,Bisy sȳz hontes issa.
You are a guest!,Zentys iksā!
This one is happy.,Bisy kirine issa.
Is this one a long sword?,Kesy korze issa?
She is a guest.,Zentys issa.
This one is a good guest.,Bisy sȳz zentys issa.
This one is a guest.,Bisy zentys issa.
Those are the good boys.,Boni sȳri taobi issi.
The guests are happy.,Zentyssy kirini issi.
These ones are men.,Bisi vali issi.
Those girls are happy.,Boni riñi kirini issi.
They are long swords.,Korzi issi.
The guests are women.,Zentyssy ābri issi.
That is a girl.,Bony riña issa.
Is that a good long sword?,Kony sȳz korze issa?
These are happy birds.,Kesi kirini hontesse issi.
Are those the birds?,Koni hontesse issi?
The guest is sweating.,Zentys nages.
A guest is sleeping.,Zentys ēdrus.
This one is sleeping.,Bisy ēdrus.
This is the mother.,Bisy muña issa.
This is the good long sword.,Kesy sȳz korze issa.
This is a father.,Bisy kepa issa.
Is this one my long sword?,Kesy ñuha korze issa?
These ones are happy.,Bisi kirini issi.
The guests are sleeping.,Zentyssy ēdrusi.
That one is sweating.,Bony nages.
Is that the happy bird?,Kony hontes kirine issa?
Those are my long swords.,Koni ñuhi korzi issi.
These are long swords.,Kesi korzi issi.
Is that my father?,Bony ñuha kepa issa?
Are the guests really asleep?,Drējī zentyssy ēdrusi?
Are those good birds?,Koni sȳri hontesse issi?
Is this one the good long sword?,Kesy sȳz korze issa?
That one is good.,Kony sȳz issa.
These ones are knights.,Bisi azantyssy issi.
That one is a long sword.,Kony korze issa.
The birds are guests.,Hontesse zentyssy issi.
Are these ones my long swords?,Kesi ñuhi korzi issi?
Is this a bird?,Bisy hontes issa?
The guest is good.,Zentys sȳz issa.
Is that one my long sword?,Kony ñuha korze issa?
Are these birds?,Kesi hontesse issi?
These are the good long swords.,Kesi sȳri korzi issi.
Are they guests?,Zentyssy issi?
Those are women.,Boni ābri issi.
Are these the happy women?,Bisi ābri kirini issi?
Is that a long sword?,Kony korze issa?
Those ones are good.,Koni sȳri issi.
Those are the birds.,Boni hontesse issi.
Are these happy swords?,Kesi kirini korzi issi?
The woman is admiring a wolf.,Ābra zokle majaqsa.
Those are the good pieces of fruit.,Koni gerpi sȳri issi.
The girl loves fruit.,Riña gerpī jorrāelza.
The wolf is eating birds.,Zokla hontī ipradas.
The men are admiring the wolves.,Vali zoklī majaqis.
The wolves see the birds.,Zokli hontī urnesi.
I see the piece of fruit.,Gerpe urnen.
These are my pieces of fruit.,Kesi ñuhi gerpi issi.
The woman sees a wolf.,Ābra zokle urnes.
The women are praising the wolves.,Ābri zoklī rijis.
Is the wolf eating pieces of fruit?,Zokla gerpī ipradas?
These are good wolves.,Bisi sȳri zokli issi.
Is the wolf eating a piece of fruit?,Zokla gerpe ipradas?
The men are eating the fruit.,Vali gerpī ipradis.
The boy sees an owl.,Taoba atroksie urnes.
The owl is happy.,Atroksia kirine issa.
You all are eating the fruit.,Gerpī ipradāt.
The owls are sleeping.,Atroksī ēdrusi.
"Yes, you are eating the fruit.","Issa, gerpī ipradā."
Are we eating owls?,Atroksī ipradi?
I am eating a bird.,Hontī ipradan.
Owls are birds.,Atroksī hontesse issi.
The man hears an owl.,Vala atroksie rȳbas.
You all are eating an owl.,Atroksie ipradāt.
The owl is eating.,Atroksia ipradas.
We are eating good fruit.,Sȳri gerpī ipradi.
The wolves are eating a bird.,Zokli hontī ipradis.
You are eating a piece of fruit.,Gerpe ipradā.
You are a wise man.,Sylvie vala iksā.
The Unsullied are eating and sleeping.,Dovaogēdi ipradis se ēdrusi.
The Unsullied are wise.,Dovaogēdi sylvī issi.
A girl sees the Unsullied.,Riña Dovaogēdī urnes.
A wise Unsullied is admiring a wolf.,Sylvie Dovaogēdy zokle majaqsa.
The wise Unsullied are asleep.,Sylvī Dovaogēdi ēdrusi.
My father is a wise man.,Kepa ñuha sylvie vala issa.
The Unsullied are eating pieces of fruit.,Dovaogēdi gerpī ipradis.
The wise Unsullied is eating fruit.,Sylvie Dovaogēdy gerpī ipradas.
The Unsullied sees an owl.,Dovaogēdy atroksie urnes.
The boys hear the Unsullied.,Taobi Dovaogēdī rȳbis.
The wise men are praising the Unsullied.,Sylvī vali Dovaogēdī rijis.
The wise men love the wise women.,Sylvī vali sylvī ābrī jorrāelzi.
The Unsullied is admiring a wise girl.,Dovaogēdy sylvie riñe majaqsa.
The women and men are praising the Unsullied.,Ābri valī Dovaogēdī rijis.
Is the horse smiling?,Anne līris?
My mother is powerful.,Ñuha muña kostōba issa.
Are the horses eating birds?,Anni hontī ipradis?
The powerful horses are sweating.,Kostōbi anni nagesi.
I see a horse!,Annī urnen!
They love the powerful horses.,Kostōbī annī jorrāelzi.
A wise wolf is eating a powerful owl.,Sylvie zokla kostōbe atroksie ipradas.
Daenerys is a strong woman.,Daenerys kostōba ābra issa.
The horses love girls.,Anni riñī jorrāelzi.
Am I a horse?,Anne iksan?
The girls are admiring the powerful horses.,Riñi kostōbī annī majaqis.
They hear powerful owls.,Kostōbī atroksī rȳbis.
The powerful Unsullied sleep and eat fruit.,Kostōbi Dovaogēdi ēdrusi se gerpī ipradis.
The woman admires the powerful horse.,Ābra kostōbe annī majaqsa.
The horse sees the fruit and is happy.,Anne gerpī urnes se kirine issa.
The wolf is powerful.,Zokla kostōba issa.
The powerful wolf is eating a horse.,Kostōba zokla annī ipradas.
I see a powerful owl.,Kostōbe atroksie urnen.
The happy horses are sleeping.,Kirini anni ēdrusi.
The powerful wolves see a horse.,Kostōbi zokli annī urnesi.
The good wolf loves the strong men.,Sȳz zokla kostōbī valī jorrāelza.
The girl is admiring a powerful woman.,Riña kostōbe ābre majaqsa.
My horses see the powerful wolves.,Ñuhi anni kostōbī zoklī urnesi.
We are good horses.,Anni sȳri iksi.
The boys see a powerful horse.,Taobi kostōbe annī urnesi.
You all are powerful wolves.,Kostōbi zokli iksāt.
The knight is eating grapes.,Azantys avera ipradas.
The Unsullied loves the cats.,Dovaogēdy kēla jorrāelza.
My lord is powerful.,Ñuha āeksio kostōba issa.
The knight sees my horse.,Azantys ñuhe annī urnes.
This is my grape.,Kesy ñuha avero issa.
I see my wolves.,Ñuhī zoklī urnen.
I see my lords.,Ñuhī āeksia urnen.
My father loves my mother.,Ñuha kepa ñuhe muñe jorrāelza.
Are you a grape?,Avero iksā?
The man sees the powerful lord.,Vala kostōbe āeksio urnes.
The lord is admiring the powerful cat.,Āeksio kostōbe kēli majaqsa.
The man is admiring the powerful lords.,Vala kostōbī āeksia majaqsa.
Are the wolves sweating?,Zokli nagesi?
I see the wolves.,Zoklī urnen.
The man sees a wolf.,Vala zokle urnes.
"No, those are pieces of fruit.","Daor, koni gerpi issi."
A father is eating the fruits.,Kepa gerpī ipradas.
The boys love the wolves.,Taobi zoklī jorrāelzi.
The wolf sees a woman.,Zokla ābre urnes.
The girl loves the wolf.,Riña zokle jorrāelza.
Is this a good piece of fruit?,Kesy sȳz gerpa issa?
That is a good piece of fruit.,Kony sȳz gerpa issa.
They are wolves.,Zokli issi.
Those are my good pieces of fruit.,Koni ñuhi sȳri gerpi issi.
The owl is sleeping.,Atroksia ēdrus.
Are you eating?,Ipradā?
I am eating owls.,Atroksī ipradan.
"Yes, you all are eating the fruit.","Issa, gerpe ipradāt."
You are eating birds.,Hontī ipradā.
You are eating owls.,Atroksī ipradāt.
The owls are eating.,Atroksī ipradis.
Am I eating an owl?,Atroksie ipradan?
"No, that is an owl.","Daor, kony atroksia issa."
The good man loves the Unsullied.,Sȳz vala Dovaogēdī jorrāelza.
The men are happy and the women are wise.,Vali kirini issi se ābri sylvī issi.
The wise woman is happy.,Sylvie ābra kirine issa.
The Unsullied is wise.,Dovaogēdy sylvie issa.
I see the wise Unsullied.,Sylvī Dovaogēdī urnen.
The Unsullied are eating the fruits.,Dovaogēdi gerpī ipradis.
The Unsullied hears a wolf.,Dovaogēdy zokle rȳbas.
The good woman loves an Unsullied.,Sȳz ābra Dovaogēdi jorrāelza.
I see a wise Unsullied.,Sylvie Dovaogēdi urnen.
Those Unsullied are smiling.,Boni Dovaogēdi līrisi.
The Unsullied is sleeping and is happy.,Dovaogēdy ēdrus se kirine issa.
The wolves are eating a horse.,Zokli annī ipradis.
Is the man powerful?,Vala kostōba issa?
The horse is wise.,Anne sylvie issa.
My horse is powerful.,Ñuha anne kostōba issa.
The wise horses hear the mighty wolves.,Sylvī anni kostōbī zoklī rȳbis.
The wise man loves a powerful horse.,Sylvie vala kostōbe annī jorrāelza.
You all are powerful horses and we are wise wolves.,Anni kostōbi iksāt se sylvī zokli iksi.
The man hears the powerful horses.,Vala kostōbī annī rȳbas.
The grape is good and the knight is happy.,Avero sȳz issa se azantys kirine issa.
The grape is a fruit.,Avero gerpa issa.
The lords are eating my grapes.,Āeksia ñuhī avera ipradis.
Are the cats eating the grapes?,Kēla avera ipradis?
Grapes are fruit.,Avera gerpi issi.
The bird sees a cat.,Hontes kēli urnes.
They are praising my grape.,Ñuhe avero rijis.
The master is praising the wise cat.,Āeksio sylvie kēli rijas.
Wolves are eating my horse!,Zokli ñuhe annī ipradis!
The lord is admiring the powerful cats.,Āeksio kostōbī kēla majaqsa.
The wise owl sees my cats.,Sylvie atroksia ñuhī kēla urnes.
The good birds see my cats.,Sȳri hontesse ñuhī kēla urnesi.
The wolf is asleep and is happy.,Zokla ēdrus se kirine issa.
The piece of fruit is good.,Gerpa sȳz issa.
The girl is eating a piece of fruit.,Riña gerpe ipradas.
Are the wolves smiling?,Zokli līrisi?
I see fruits.,Gerpī urnen.
A girl loves the wolves.,Riña zoklī jorrāelza.
The girls are admiring a wolf.,Riñi zokle majaqis.
The woman is eating a piece of fruit.,Ābra gerpe ipradas.
I am eating the fruit.,Gerpī ipradan.
They are eating the fruit.,Gerpī ipradis.
You all are eating birds.,Hontī ipradāt.
"Actually, you are eating a bird.","Drīvose, hontī ipradā."
An owl is eating the fruit.,Atroksia gerpe ipradas.
We are eating birds.,Hontī ipradi.
Are you eating owls?,Atroksī ipradā?
"No: we are eating, thank you.","Daor: ipradi, kirimvose."
The men and the women are wise.,Vali ābrī sylvī issi.
My mother is praising the Unsullied.,Ñuha muña Dovaogēdī rijas.
The wise Unsullied are admiring the birds.,Sylvī Dovaogēdi hontī majaqis.
The wise girls are admiring a wolf.,Sylvī riñi zokle majaqis.
This one is Unsullied.,Bisy Dovaogēdy issa.
Do I hear the Unsullied?,Dovaogēdī rȳban?
I am powerful.,Kostōba iksan.
The men and women are powerful.,Vali ābrī kostōbi issi.
The wise man is admiring the strong women.,Sylvie vala kostōbī ābrī majaqsa.
We are powerful and they are wise.,Kostōbi iksi se sylvī issi.
The man hears a powerful horse.,Vala kostōbe annī rȳbas.
You are eating my grape.,Ñuhe avero ipradā.
The wolf is eating a lord.,Zokla āeksio ipradas.
A wolf is eating my grapes!,Zokla ñuhī avera ipradas!
The happy cats are asleep.,Kirini kēla ēdrusi.
Those lords are eating my grapes.,Boni āeksia ñuhī avera ipradis.
My lords are powerful.,Ñuhi āeksia kostōbi issi.
The wise wolf loves the good cat.,Sylvie zokla sȳz kēli jorrāelza.
The good bird sees my cat.,Sȳz hontes ñuhe kēli urnes.
I see my grape.,Ñuhe avero urnen.
The wolves love the girl.,Zokli riñe jorrāelzi.
My piece of fruit is good.,Ñuha gerpa sȳz issa.
The pieces of fruit are good.,Gerpi sȳri issi.
The man loves the piece of fruit.,Vala gerpe jorrāelza.
The boy is praising a wolf.,Taoba zokle rijas.
The good boy is eating fruit.,Sȳz taoba gerpī ipradas.
Welcome! We are eating.,Jiōrna! Ipradi.
Are you all eating?,Ipradāt?
The wolves are eating an owl.,Zokli atroksie ipradis.
Am I eating the owl?,Atroksie ipradan?
Am I eating?,Ipradan?
The women are eating birds.,Ābri hontī ipradis.
I see an owl.,Atroksie urnen.
The happy owl is sleeping.,Kirine atroksia ēdrus.
I am eating a piece of fruit.,Gerpe ipradan.
The Unsullied is eating a piece of fruit.,Dovaogēdy gerpe ipradas.
The wolves see a wise woman.,Zokli sylvie ābre urnesi.
The horse is powerful.,Anne kostōba issa.
My horse is good.,Ñuha anne sȳz issa.
The wise horse hears the mighty wolf.,Sylvie anne kostōbe zokle rȳbas.
The knights are praising the powerful horses.,Azantyssy kostōbī annī rijis.
My cat is good.,Ñuha kēli sȳz issa.
The powerful horses love the wise lords.,Kostōbi anni sylvī āeksia jorrāelzi.
The women see grapes.,Ābri avera urnesi.
My horse hears a lord.,Ñuha anne āeksio rȳbas.
The lords love my horses.,Āeksia ñuhī annī jorrāelzi.
I see a wolf.,Zokle urnen.
The wolf sees a man.,Zokla vale urnes.
The wolf is eating the girl.,Zokla riñe ipradas.
The good man is eating fruit.,Sȳz vala gerpī ipradas.
I hear wolves.,Zoklī rȳban.
This is my piece of fruit.,Kesy ñuha gerpa issa.
The man hears a wolf.,Vala zokle rȳbas.
Are the wolves happy?,Zokli kirini issi?
They are the Unsullied.,Dovaogēdi issi.
The men see the wise Unsullied.,Vali sylvī Dovaogēdī urnesi.
The horses are powerful.,Anni kostōbi issi.
The owl is powerful.,Atroksia kostōba issa.
The horses are wise.,Anni sylvī issi.
They see powerful horses.,Kostōbī annī urnesi.
The knight is admiring a grape.,Azantys avero majaqsa.
The master is a wise cat.,Āeksio sylvie kēli issa.
The lord is praising a good cat.,Āeksio sȳz kēli rijas.
The man loves the leader.,Vala jenti jorrāelza.
The commanders are happy.,Jentyssy kirini issi.
The man loves a priest.,Vala vokti jorrāelza.
You are a good priestess.,Sȳz voktys iksā.
That is a leader.,Bony jentys issa.
The girl loves the priestesses.,Riña voktī jorrāelza.
The good commander is blessing the priests.,Sȳz jentys voktī ojehiksa.
The priestesses are singing.,Voktyssy vāedis.
The good priests praise the rulers.,Sȳri voktyssy jentī rijis.
The priestess is admiring a bird.,Voktys hontī majaqsa.
The leaders are women.,Jentyssy ābri issi.
The mother blesses the man.,Muña vale ojehiksa.
The boy blesses the ruler.,Taoba jenti ojehiksa.
The knights love the good commanders.,Azantyssy sȳri jentī jorrāelzi.
The commander is blessing the priest.,Jentys vokti ojehiksa.
The big bull is sleeping.,Rōvys vandis ēdrus.
The large knights are sleeping.,Rōvyz azantyssy ēdrusi.
The large bulls are sleeping.,Rōvyz vandissa ēdrusi.
The priest is blessing the large knights.,Voktys rōvī azantī ojehiksa.
I see a large knight.,Rōvi azanti urnen.
The priests are blessing a big bull.,Voktyssy rōvi vandis ojehikis.
This one is a bull.,Bisy vandis issa.
The knight is large.,Azantys rōvys issa.
They are blessing the knights.,Azantī ojehikis.
The boy loves the big bulls.,Taoba rōvī vandissa jorrāelza.
Is the leader a large bird?,Jentys rōvys hontes issa?
The happy bulls love the dad.,Kirini vandissa kepe jorrāelzi.
It is a large bird.,Rōvys hontes issa.
The woman loves a large knight.,Ābra rōvi azanti jorrāelza.
The large priests are blessing a man.,Rōvyz voktyssy vale ojehikis.
My bulls are asleep.,Ñuhyz vandissa ēdrusi.
The women are my friends.,Ābri ñuhyz raqirossa issi.
I see my friends.,Ñuhī raqirossa urnen.
The priests hear the gods.,Voktyssy jaehossa rȳbis.
I see my bulls.,Ñuhī vandissa urnen.
The priest is blessing my bull.,Voktys ñuhi vandis ojehiksa.
I hear my deity.,Ñuhi jaes rȳban.
"Actually, my commander is my mother.","Drīvose, ñuhys jentys ñuha muña issa."
"Hello, my friend.","Rytsas, ñuhys raqiros."
My friend is glad.,Ñuhys raqiros kirine issa.
The priests see the deities.,Voktyssy jaehossa urnesi.
The priestess is blessing my friends.,Voktys ñuhī raqirossa ojehiksa.
My leaders are women.,Ñuhyz jentyssy ābri issi.
The god loves the good priestesses.,Jaes sȳri voktī jorrāelza.
The dragon is smiling.,Zaldrīzes līris.
Daenerys is praising the dragons.,Daenerys zaldrīzī rijas.
The dragons are my friends.,Zaldrīzesse ñuhyz raqirossa issi.
The girl has a bird.,Riña hontī ēza.
The knights have commanders.,Azantyssy jentī ēzi.
I am a dragon.,Zaldrīzes iksan.
They are chaining my dragon!,Ñuhi zaldrīzī belmurzi!
The leader chains the priests.,Jentys voktī belmurza.
Does the boy have a father?,Taoba kepe ēza?
The boy has a friend.,Taoba raqiros ēza.
These are my dragons.,Bisi ñuhyz zaldrīzesse issi.
The leader is chaining up the men.,Jentys valī belmurza.
Are they chaining the knights?,Azantī belmurzi?
We are beautiful.,Gevī iksi.
The dragon is beautiful.,Zaldrīzes gevie issa.
This is my day.,Kesy ñuhys tubis issa.
We are free!,Dāeri iksi!
The men and the women are beautiful.,Vali ābrī gevī issi.
Is the day free?,Tubis dāez issa?
The boy is admiring the days.,Taoba tubissa majaqsa.
My days are free!,Ñuhys tubissa dāeri issi!
The day is beautiful!,Tubis gevie issa!
I am free!,Dāez iksan!
A girl is admiring the beautiful day.,Riña gevie tubis majaqsa.
The guests are blessing the beautiful days.,Zentyssy gevī tubissa ojehikis.
My day is free!,Ñuhys tubis dāez issa!
This one is a free dragon.,Bisy dāez zaldrīzes issa.
The leader blesses the father.,Jentys kepe ojehiksa.
The priests are birds.,Voktyssy hontesse issi.
The priest is blessing the leaders.,Voktys jentī ojehiksa.
My father is admiring a priestess.,Ñuha kepa vokti majaqsa.
The priests love the knights.,Voktyssy azantī jorrāelzi.
The leaders hear a priest.,Jentyssy vokti rȳbis.
He sees the leaders.,Jentī urnes.
I see the leader.,Jenti urnen.
The priestess is blessing the man.,Voktys vale ojehiksa.
I hear the leader.,Jenti rȳban.
I see the leader and the priest.,Jenti voktī urnen.
Is the bull large?,Vandis rōvys issa?
They hear large bulls.,Rōvī vandissa rȳbis.
I see a large bull.,Rōvi vandis urnen.
I see large bulls.,Rōvī vandissa urnen.
The bull is big.,Vandis rōvys issa.
Are these the large bulls?,Bisi rōvyz vandissa issi?
I see the deity.,Jaes urnen.
This is my friend.,Bisy ñuhys raqiros issa.
The deity is blessing a priest.,Jaes vokti ojehiksa.
The deity is blessing my friend.,Jaes ñuhi raqiros ojehiksa.
These are my guests.,Bisi ñuhyz zentyssy issi.
I see my knight.,Ñuhi azanti urnen.
The gods are my friends.,Jaehossa ñuhyz raqirossa issi.
My deity is good.,Ñuhys jaes sȳz issa.
The dragons have friends.,Zaldrīzesse raqirossa ēzi.
The men are chaining up the dragons.,Vali zaldrīzī belmurzi.
The guests are chaining up a dragon.,Zentyssy zaldrīzī belmurzi.
The dragon is happy.,Zaldrīzes kirine issa.
The woman loves a dragon.,Ābra zaldrīzī jorrāelza.
The dragons are chaining up the leaders.,Zaldrīzesse jentī belmurzi.
The dragon is chaining up the woman.,Zaldrīzes ābre belmurza.
The dragon is a good friend.,Zaldrīzes sȳz raqiros issa.
They have gods.,Jaehossa ēzi.
Daenerys has dragons.,Daenerys zaldrīzī ēza.
The big dragon is beautiful.,Rōvys zaldrīzes gevie issa.
The days are beautiful!,Tubissa gevī issi!
The free men are smiling.,Dāeri vali līrisi.
My bird is free.,Ñuhys hontes dāez issa.
A priestess is blessing the day.,Voktys tubis ojehiksa.
The happy priestesses are sleeping.,Kirini voktyssy ēdrusi.
I am a good leader.,Sȳz jentys iksan.
"No, I am a priestess.","Daor, voktys iksan."
The leaders admire the priestesses.,Jentyssy voktī majaqis.
The men and women are praising the priestesses.,Vali ābrī voktī rijis.
I see a priestess and the commander.,Vokti jentī urnen.
My father hears the leaders.,Ñuha kepa jentī rȳbas.
She is blessing the priestess.,Vokti ojehiksa.
The priestess is blessing a large bull.,Voktys rōvi vandis ojehiksa.
The women are blessing large birds.,Ābri rōvī hontī ojehikis.
The woman loves the big bull.,Ābra rōvi vandis jorrāelza.
The large bulls are sweating.,Rōvyz vandissa nagesi.
The priests are blessing the large bulls.,Voktyssy rōvī vandissa ojehikis.
My gods are good.,Ñuhyz jaehossa sȳri issi.
The good priest is praising the deity.,Sȳz voktys jaes rijas.
My friends are happy.,Ñuhyz raqirossa kirini issi.
I see my friend.,Ñuhi raqiros urnen.
The dragon is sleeping.,Zaldrīzes ēdrus.
The boy is chaining a dragon.,Taoba zaldrīzī belmurza.
The dragons are asleep.,Zaldrīzesse ēdrusi.
The dragon has a friend.,Zaldrīzes raqiros ēza.
The priests are chaining the dragons.,Voktyssy zaldrīzī belmurzi.
My friend has a dragon.,Ñuhys raqiros zaldrīzī ēza.
The commander chains up the dragon.,Jentys zaldrīzī belmurza.
The dragons are free!,Zaldrīzesse dāeri issi!
You are beautiful.,Gevie iksā.
The birds are free.,Hontesse dāeri issi.
My dragons are free.,Ñuhyz zaldrīzesse dāeri issi.
The girl loves beautiful days.,Riña gevī tubissa jorrāelza.
The woman is praising a beautiful man.,Ābra gevie vale rijas.
These are beautiful dragons.,Bisi gevī zaldrīzesse issi.
The leader is blessing the birds.,Jentys hontī ojehiksa.
The commander is blessing the good knight.,Jentys sȳz azanti ojehiksa.
They are the leaders.,Jentyssy issi.
My mothers are leaders.,Ñuhi muñi jentyssy issi.
The priestess is blessing the ruler.,Voktys jenti ojehiksa.
I am the ruler.,Jentys iksan.
The big birds are guests.,Rōvyz hontesse zentyssy issi.
My friends are birds.,Ñuhyz raqirossa hontesse issi.
This is my bull.,Bisy ñuhys vandis issa.
The women have a dragon.,Ābri zaldrīzī ēzi.
The gods have priests.,Jaehossa voktī ēzi.
The big dragon is my friend.,Rōvys zaldrīzes ñuhys raqiros issa.
The large commanders are chaining up the free dragon.,Rōvyz jentyssy dāez zaldrīzī belmurzi.
The women see a priest.,Ābri vokti urnesi.
I see the good leaders.,Sȳri jentī urnen.
The leaders are sleeping.,Jentyssy ēdrusi.
Are they priests?,Voktyssy issi?
My friend is a leader.,Ñuhys raqiros jentys issa.
The happy priestesses are praising the gods.,Kirini voktyssy jaehossa rijis.
A god is praising my bird.,Jaes ñuhi hontī rijas.
The priestess is praising my deities.,Voktys ñuhī jaehossa rijas.
The priest is chaining the dragon.,Voktys zaldrīzī belmurza.
The girls have friends.,Riñi raqirossa ēzi.
Are the dragons happy?,Zaldrīzesse kirini issi?
They respect my dragons.,Ñuhī zaldrīzī iotāptesi.
Are they big?,Rōvra issi?
It is big.,Rōvor issa.
I see the big sea.,Rōvor embri urnen.
The seas are blue.,Embri kastra issi.
The boy loves the blue seas.,Taoba kastra embrī jorrāelza.
The priestesses love the blue ocean.,Voktyssy kastor embri jorrāelzi.
It is the ocean.,Embar issa.
The man respects the woman.,Vala ābre iotāptes.
This one respects the sea.,Bisy embri iotāptes.
The boy sees the big ocean.,Taoba rōvor embri urnes.
Are the seas blue?,Embri kastra issi?
They are big.,Rōvra issi.
Again I see the blue seas.,Arlī kastra embrī urnen.
Do they respect the dragons?,Zaldrīzī iotāptesi?
The seas are large.,Embri rōvra issi.
They hear the seas.,Embrī rȳbis.
The ship is blue.,Lōgor kastor issa.
The large ship frightens the horse.,Rōvor lōgor annī ossȳngas.
I hear the spell.,Sēter rȳban.
The dragons terrify the boy.,Zaldrīzesse taobe ossȳngis.
The magic spells terrify the man.,Sētera vale ossȳngis.
The men respect the spells.,Vali sētera iotāptesi.
The boats frighten the boy.,Lōgra taobe ossȳngis.
The spell terrifies the man.,Sēter vale ossȳngas.
The girl loves the spells.,Riña sētera jorrāelza.
The sea terrifies the boy.,Embar taobe ossȳngas.
They see a spell.,Sēter urnesi.
I see blue boats.,Kastra lōgra urnen.
My turtle is green.,Ñuhor qintir kastor issa.
The girl loves turtles.,Riña qintra jorrāelza.
I see my green turtles.,Ñurha kastra qintra urnen.
My turtles are fortunate.,Ñurha qintra biariar issi.
The ocean is lucky.,Embar biarior issa.
My enchantments are lucky.,Ñurha sētera biariar issi.
The ocean frightens my turtle.,Embar ñuhor qintir ossȳngas.
Are my friends actually turtles?,Ñuhyz raqirossa drīvose qintra issi?
These are my enchantments.,Kesi ñurha sētera issi.
The blue boats are lucky.,Kastra lōgra biariar issi.
The man has a lucky turtle.,Vala biarior qintir ēza.
That one is my boat.,Kony ñuhor lōgor issa.
"Yes, the fortunate boats are frightening the horses.","Issa, biariar lōgra annī ossȳngis."
The wolf is afraid of a turtle.,Zokla qintir izūgas.
I am afraid of the magic spell.,Sēter izūgan.
The ocean is regal.,Embar dārōñor issa.
They fear the royal turtle.,Dārōñor qintir izūgis.
The royal ships frighten the boy.,Dārōñar lōgra taobe ossȳngis.
The men fear the knights.,Vali azantī izūgis.
The girl respects the royal sea.,Riña dārōñor embri iotāptes.
I am afraid of the large ocean.,Rōvor embri izūgan.
Is the dragon afraid of the ocean?,Zaldrīzes embri izūgas?
The royal ships are blue.,Dārōñar lōgra kastra issi.
The turtles are afraid of the sea.,Qintra embri izūgis.
I fear the large turtles.,Rōvra qintra izūgan.
The women have royal boats.,Ābri dārōñar lōgra ēzi.
The dragons fear the big turtles.,Zaldrīzesse rōvra qintra izūgis.
The sea fears the royal ship.,Embar dārōñor lōgor izūgas.
Do they respect the girl?,Riñe iotāptesi?
I hear the blue seas.,Kastra embrī rȳban.
They see the large seas.,Rōvra embrī urnesi.
The knights respect the large ocean.,Azantyssy rōvor embri iotāptesi.
The blue sea blesses the girl.,Kastor embar riñe ojehiksa.
They are considering the large seas.,Rōvra embrī iotāptesi.
This is the blue sea.,Kesy kastor embar issa.
The deity respects the ocean.,Jaes embri iotāptes.
The girl respects the blue sea.,Riña kastor embri iotāptes.
They see the enchantments.,Sētera urnesi.
Daenerys sees the ships.,Daenerys lōgra urnes.
The man sees the green ship.,Vala kastor lōgor urnes.
They have the spell.,Sēter ēzi.
The boy loves large ships.,Taoba rōvra lōgra jorrāelza.
The sea intimidates the boat.,Embar lōgor ossȳngas.
My ships are lucky.,Ñurha lōgra biariar issi.
I see my lucky turtles.,Ñurha biariar qintra urnen.
This one sees a fortunate turtle.,Bisy biarior qintir urnes.
These are my turtles.,Bisi ñurha qintra issi.
She loves my turtle.,Ñuhor qintir jorrāelza.
My boat is royal.,Ñuhor lōgor dārōñor issa.
The turtles fear dragons.,Qintra zaldrīzī izūgis.
They have a regal turtle.,Dārōñor qintir ēzi.
They fear my royal ship.,Ñuhor dārōñor lōgor izūgis.
I fear the royal boats.,Dārōñar lōgra izūgan.
I see the royal ship.,Dārōñor lōgor urnen.
The man fears enchantments.,Vala sētera izūgas.
The girl fears the royal turtles.,Riña dārōñar qintra izūgas.
I fear the royal turtles.,Dārōñar qintra izūgan.
I am scared of my turtle.,Ñuhor qintir izūgan.
The horse is afraid of a wolf.,Anne zokle izūgas.
I am afraid of dragons.,Zaldrīzī izūgan.
The wolves are afraid of the powerful dragons.,Zokli kostōbī zaldrīzī izūgis.
The man fears and loves the ocean.,Vala embri izūgas se jorrāelza.
The ocean is large.,Embar rōvor issa.
The wise man respects the large ocean.,Sylvie vala rōvor embri iotāptes.
The men respect the sea.,Vali embri iotāptesi.
The master respects the seas.,Āeksio embrī iotāptes.
I see the green ocean.,Kastor embri urnen.
The sea is blue.,Embar kastor issa.
The large sea is admiring the boy.,Rōvor embar taobe majaqsa.
The spell frightens the dragon.,Sēter zaldrīzī ossȳngas.
This is a boat.,Kesy lōgor issa.
I hear the spells.,Sētera rȳban.
The seas intimidate the boats.,Embri lōgra ossȳngis.
The ship intimidates the ocean.,Lōgor embri ossȳngas.
Is the boat large?,Lōgor rōvor issa?
The green seas terrify the priest.,Kastra embri vokti ossȳngis.
My ship is lucky.,Ñuhor lōgor biarior issa.
My turtle is big.,Ñuhor qintir rōvor issa.
My green boat is lucky.,Ñuhor kastor lōgor biarior issa.
My turtles are big.,Ñurha qintra rōvra issi.
That is a lucky turtle!,Bony biarior qintir issa!
Truly the turtles are lucky.,Drējī qintra biariar issi.
I am afraid of the ocean.,Embri izūgan.
The turtles are royal.,Qintra dārōñar issi.
They see the green oceans.,Kastra embrī urnesi.
The leader respects the ocean.,Jentys embri iotāptes.
The magic spells are frightening the boys.,Sētera taobī ossȳngis.
A woman has the lucky ships.,Ābra biariar lōgra ēza.
Is it lucky?,Biarior issa?
Is this the royal ship?,Kesy dārōñor lōgor issa?
Is the ocean sleeping?,Embar ēdrus?
Truly they respect the boy.,Drējī taobe iotāptesi.
The magic spell frightens the boy.,Sēter taobe ossȳngas.
The woman considers the enchantment.,Ābra sēter iotāptes.
The large seas frighten the horses.,Rōvra embri annī ossȳngis.
The boat fears the ocean.,Lōgor embri izūgas.
Actually it is strong.,Drīvose kostōbon issa.
A boy sees the mighty mountain.,Taoba kostōbon blēnon urnes.
I see a large mountain.,Rōvon blēnon urnen.
A knight sees the mountains.,Azantys blēna urnes.
The mountains are large.,Blēna rōva issi.
The big mountains are powerful.,Rōva blēna kostōba issi.
The mountain is big.,Blēnon rōvon issa.
The priestess is blessing the powerful mountains.,Voktys kostōba blēna ojehiksa.
They see a big mountain.,Rōvon blēnon urnesi.
Does he see the big mountains?,Rōva blēna urnes?
I see the powerful mountains.,Blēna kostōba urnen.
Are the mountains powerful?,Blēna kostōba issi?
Does she see the large mountains?,Blēna rōva urnes?
The thrones are large.,Dēmalia rōva issi.
The big throne pokes the large commander.,Rōvon dēmalion rōvi jenti tēmas.
I see the iron mountains.,Āegenka blēna urnen.
The iron mountains are good.,Āegenka blēna sȳriar issi.
I see the Iron Throne.,Āegenkon Dēmalion urnen.
A man is poking the dragon.,Vala zaldrīzī tēmas.
The dragon has a good mountain.,Zaldrīzes sȳrior blēnon ēza.
The girl is poking the boy.,Riña taobe tēmas.
The priest loves the iron thrones.,Voktys āegenka dēmalia jorrāelza.
The good mountains are mighty.,Sȳriar blēna kostōba issi.
The large throne is good.,Rōvon dēmalion sȳrior issa.
The mountains are good.,Blēna sȳriar issi.
The big thrones are good.,Rōva dēmalia sȳriar issi.
An owl is guiding the boy.,Atroksia taobe jemas.
Does the girl see a Targaryen?,Riña Targārī urnes?
My father is a Targaryen.,Ñuha kepa Targārien issa.
This is my throne!,Kesy ñuhon dēmalion issa!
These are my mountains.,Kesi ñuha blēna issi.
The Targaryens are leading the Unsullied.,Targārī Dovaogēdī jemis.
The mountain guides my father.,Blēnon ñuhe kepe jemas.
That is my mountain.,Kony ñuhon blēnon issa.
I see my mountains.,Ñuha blēna urnen.
They are Targaryens.,Targārī issi.
My throne is iron.,Ñuhon dēmalion āegenkon issa.
The mountains guide the men.,Blēna valī jemis.
The men are admiring my thrones.,Vali ñuha dēmalia majaqis.
Is Jon truly a Targaryen?,Iōnos drējī Targārien issa?
A Targaryen is guiding the boy.,Targārien taobe jemas.
Is the mountain big?,Blēnon rōvon issa?
The mother sees a strong mountain.,Muña kostōbon blēnon urnes.
The mountain is powerful.,Blēnon kostōbon issa.
The man admires the mighty mountain.,Vala kostōbon blēnon majaqsa.
I see the big mountains.,Rōva blēna urnen.
Is the girl admiring the powerful mountains?,Riña kostōba blēna majaqsa?
Does the man love large mountains?,Vala rōva blēna jorrāelza?
The Iron Throne is powerful.,Āegenkon Dēmalion kostōbon issa.
The good thrones are iron.,Sȳriar dēmalia āegenka issi.
This is a good mountain.,Kesy sȳrior blēnon issa.
The girl pokes the mountains.,Riña blēna tēmas.
These are good mountains.,Kesi sȳriar blēna issi.
That is a good throne.,Kony sȳrior dēmalion issa.
Are the thrones iron?,Dēmalia āegenka issi?
These are the large thrones.,Kesi rōva dēmalia issi.
The thrones are iron.,Dēmalia āegenka issi.
The Iron Throne pricks the boy.,Āegenkon Dēmalion taobe tēmas.
The dragons guide the boys.,Zaldrīzesse taobī jemis.
The Targaryens are leading the knights.,Targārī azantī jemis.
My throne guides the knights.,Ñuhon dēmalion azantī jemas.
The Targaryens are powerful.,Targārī kostōba issi.
A priest is blessing the powerful mountain.,Voktys kostōbon blēnon ojehiksa.
That is a mighty mountain.,Kony kostōbon blēnon issa.
Does the girl see the big mountain?,Riña rōvon blēnon urnes?
Do the women see the powerful mountains?,Ābri kostōba blēna urnesi?
Is the Iron Throne good?,Āegenkon Dēmalion sȳrior issa?
A boy is poking the knight.,Taoba azanti tēmas.
The throne pricks the ruler.,Dēmalion jenti tēmas.
These are good thrones.,Kesi sȳriar dēmalia issi.
Birds are guiding the men.,Hontesse valī jemis.
The Unsullied are praising a Targaryen.,Dovaogēdi Targārī rijis.
A powerful woman is leading the dragons.,Kostōba ābra zaldrīzī jemas.
The Targaryen is strong.,Targārien kostōbon issa.
They see my mountains.,Ñuha blēna urnesi.
My mountains guide the men.,Ñuha blēna valī jemis.
My throne guides the dragons.,Ñuhon dēmalion zaldrīzī jemas.
Is the knight a Targaryen?,Azantys Targārien issa?
The woman loves large mountains.,Ābra rōva blēna jorrāelza.
The Iron Throne pricks the man.,Āegenkon Dēmalion vale tēmas.
The man pokes the iron mountains.,Vala āegenka blēna tēmas.
The rulers are Targaryens.,Jentyssy Targārī issi.
These are my thrones.,Kesi ñuha dēmalia issi.
A dragon is guiding the girl.,Zaldrīzes riñe jemas.
The girl is a Targaryen.,Riña Targārien issa.
The Targaryen has thrones.,Targārien dēmalia ēza.
The dragon guides the Targaryen.,Zaldrīzes Targārī jemas.
An Unsullied sees the man's horses.,Dovaogēdy valo annī urnes.
The guests find the man's father.,Zentyssy valo kepe rhaenis.
The girls find the men's horses.,Riñi valoti annī rhaenis.
I see the good men's turtles.,Sȳro valoti qintra urnen.
The good man's horse is beautiful.,Sȳro valo anne gevie issa.
The Unsullied's wolves are finding birds.,Dovaogēdoti zokli hontī rhaenis.
The good men's horses are finding fruit.,Sȳro valoti anni gerpī rhaenis.
An Unsullied finds the man's wolf.,Dovaogēdy valo zokle rhaenas.
My father finds the Unsullied's horses.,Ñuha kepa Dovaogēdo annī rhaenas.
The woman finds the masters of the horses.,Ābra annoti āeksia rhaenas.
The horse's master finds the Unsullied.,Anno āeksio Dovaogēdi rhaenas.
The knight's horse is powerful.,Azanto anne kostōba issa.
The woman sees my knight's horse.,Ābra ñuho azanto annī urnes.
These are guests of my friends.,Bisi ñuho raqiroti zentyssy issi.
A girl is praising my dragon's beauty.,Riña ñuho zaldrīzo gevivī rijas.
A man is praising the deity's beauty.,Vala jaeho gevivī rijas.
The woman is admiring the beauty of the dragons.,Ābra zaldrīzoti gevivī majaqsa.
A dragon is admiring the knight's beauty.,Zaldrīzes azanto gevivī majaqsa.
I see my god's beauty.,Ñuho jaeho gevivī urnen.
The deity's friend is a dragon.,Jaeho raqiros zaldrīzes issa.
The priestess is a friend of the gods.,Voktys jaehoti raqiros issa.
I fear the knights of the gods.,Jaehoti azantī izūgan.
"No, it is my friend's dragon.","Daor, ñuho raqiro zaldrīzes issa."
The god sees my friend's beauty.,Jaes ñuho raqiro gevivī urnes.
The god's knights are afraid of dragons.,Jaeho azantyssy zaldrīzī izūgis.
The girl loves the ocean's beauty.,Riña embro gevivī jorrāelza.
Thank you! It is my ship.,Kirimvose! Ñuhor lōgor issa.
The ship's master is sleeping.,Lōgro āeksio ēdrus.
My ship's master is a knight.,Ñurho lōgro āeksio azantys issa.
The priestess is admiring my enchantment's beauty.,Voktys ñurho sētero gevivī majaqsa.
The commander is praising my ship's beauty.,Jentys ñurho lōgro gevivī rijas.
The ship's master fears the sea.,Lōgro āeksio embri izūgas.
The boy hears the ship's enchantment.,Taoba lōgro sēter rȳbas.
The gods of the oceans frighten the knights.,Embroti jaehossa azantī ossȳngis.
A woman finds the master of the enchantments.,Ābra sēteroti āeksio rhaenas.
My ship's master is strong.,Ñurho lōgro āeksio kostōba issa.
I see the master of my boat.,Ñurho lōgro āeksio urnen.
I see my enchantment's master.,Ñurho sētero āeksio urnen.
The ocean's spell guides my friend's boat.,Embro sēter ñuho raqiro lōgor jemas.
The gods of the oceans are dragons.,Embroti jaehossa zaldrīzesse issi.
A girl is praising the dragons' power.,Riña zaldrīzoti kostion rijas.
Forward!,Naejot!
A woman is admiring the mountain's might.,Ābra blēno kostion majaqsa.
This is my power.,Kesy ñuhon kostion issa.
Is this the front side of the mountain?,Kesy blēno naejon issa?
The man fears the dragon's power.,Vala zaldrīzo kostion izūgas.
"Yes, these are the mountains.","Issa, kesi blēna issi."
The might of the mountains intimidates the boy.,Blēnoti kostion taobe ossȳngas.
They see the front sides of the mountains.,Blēnoti naeja urnesi.
The power of the magic spells intimidates the man.,Sēteroti kostion vale ossȳngas.
Do the men see the front of the mountain?,Vali blēno naejon urnesi?
I see the front of the ship.,Lōgro naejon urnen.
The strong man is sweating.,Kostōba vala nages.
A girl finds the Unsullied's mother.,Riña Dovaogēdo muñe rhaenas.
An Unsullied finds the good man's horse.,Dovaogēdy sȳro valo annī rhaenas.
The knights are finding the men's horses.,Azantyssy valoti annī rhaenis.
My friend's horse is beautiful.,Ñuho raqiro anne gevie issa.
The knight's friend is happy.,Azanto raqiros kirine issa.
This is my friend's long sword.,Kesy ñuho raqiro korze issa.
A girl is admiring the dragon's beauty.,Riña zaldrīzo gevivī majaqsa.
I see the ocean's girl.,Embro riñe urnen.
A woman is praising my spell's beauty.,Ābra ñurho sētero gevivī rijas.
The mountain's front side is big.,Blēno naejon rōvon issa.
The man's wolves find fruit.,Valo zokli gerpī rhaenis.
The good horse's master is glad.,Sȳro anno āeksio kirine issa.
Are the knight's friends sleeping?,Azanto raqirossa ēdrusi?
My god's knight is good.,Ñuho jaeho azantys sȳz issa.
This is the front side of the ship.,Kesy lōgro naejon issa.
A girl is admiring the horses' beauty.,Riña annoti gevivī majaqsa.
The master of the ship is afraid of the spell.,Lōgro āeksio sēter izūgas.
The Unsullied's long sword is good.,Dovaogēdo korze sȳz issa.
My house is large.,Ñuhon lenton rōvon issa.
The helmet is big.,Gelte rōva issa.
The kings have my house.,Dāryssy ñuhon lenton ēzi.
Do they see my blood?,Ñuhor ānogri urnesi?
I have royal blood.,Dārōñor ānogri eman.
I have large houses.,Rōva lenta eman.
My helmets are strong.,Ñuhi gelti kostōbi issi.
My blood is lucky.,Ñuhor ānogar biarior issa.
I have my helmets.,Ñuhī geltī eman.
I have my helmet.,Ñuhe geltī eman.
My king's blood is royal.,Ñuho dāro ānogar dārōñor issa.
My blood is royal.,Ñuhor ānogar dārōñor issa.
I have her horse.,Zȳhe annī eman.
Do you have dragons?,Zaldrīzī emā?
Do you have your helmet?,Aōhe geltī emā?
The Targaryen has her throne.,Targārien jāhon dēmalion ēza.
This knight is my friend.,Bisys azantys ñuhys raqiros issa.
Is your name Daenerys?,Aōha brōzi Daenerys issa?
I see this blood.,Kesor ānogri urnen.
I see her house!,Zȳhon lenton urnen!
A boy is admiring this man.,Taoba bise vale majaqsa.
I hear his spells.,Zȳrha sētera rȳban.
"You have your king, and I have my king.","Aōhi dāri emā, se ñuhi dāri eman."
This one is her father.,Bisy zȳha kepa issa.
The turtle loves his mother.,Qintir jāhe muñe jorrāelza.
This helmet is good.,Kesa gelte sȳz issa.
This mountain is big.,Keson blēnon rōvon issa.
The Targaryen loves his dragons.,Targārien jāhī zaldrīzī jorrāelza.
Are these guests your friends?,Bisyz zentyssy aōhyz raqirossa issi?
We have your king.,Aōhi dāri emi.
Your boys are eating my fruit!,Jevi taobi ñuhī gerpī ipradis!
That house is large.,Konon lenton rōvon issa.
Their horses are asleep.,Pōji anni ēdrusi.
Your mother is a good woman.,Jeva muña sȳz ābra issa.
That knight is good.,Bonys azantys sȳz issa.
I see that horse.,Bone annī urnen.
I see our boy!,Īlve taobe urnen!
We have our enchantments.,Īlvra sētera emi.
We have their homes.,Pōja lenta emi.
Their men have my father!,Pōji vali ñuhe kepe ēzi!
My dragons are eating your masters.,Ñuhyz zaldrīzesse jevī āeksia ipradis.
That mountain scares those boys.,Konon blēnon bonī taobī ossȳngas.
Those are our helmets.,Koni gelti īlvi issi.
We have green turtles.,Kastra qintra emi.
My blood is blue.,Ñuhor ānogar kastor issa.
That is my king.,Bony ñuhys dārys issa.
These knights are sweating.,Bisyz azantyssy nagesi.
"Truly, you have these helmets.","Drējī, kesī geltī emā."
This man is good.,Bisa vala sȳz issa.
My turtle is eating his piece of fruit.,Ñuhor qintir jāhe gerpe ipradas.
Do you have blue blood?,Kastor ānogri emā?
We have your turtle!,Aōhor qintir emi!
Their turtle is good.,Pōjor qintir sȳrior issa.
Your house is big.,Jevon lenton rōvon issa.
Do you have that helmet?,Kone geltī emā?
My helmet is strong.,Ñuha gelte kostōba issa.
I have a big house.,Rōvon lenton eman.
"Yes, I have a house.","Issa, lenton eman."
You have his helmets.,Zȳhī geltī emā.
This mountain is my home.,Keson blēnon ñuhon lenton issa.
This knight is asleep.,Bisys azantys ēdrus.
Do you have a friend?,Raqiros emā?
His name is Jon.,Zȳha brōzi Iōnos issa.
The turtle loves her home.,Qintir jāhon lenton jorrāelza.
Does the king respect these turtles?,Dārys keja qintra iotāptes?
That man is my father.,Bona vala ñuha kepa issa.
That is our girl!,Bony īlva riña issa!
Their knights are sweating.,Pōjyz azantyssy nagesi.
We have their blood.,Pōja ānogrī emi.
The king has my home.,Dārys ñuhon lenton ēza.
I have dragons.,Zaldrīzī eman.
This woman is my knight.,Bisa ābra ñuhys azantys issa.
The Targaryen is admiring his iron throne.,Targārien jāhon āegenkon dēmalion majaqsa.
This turtle is sleeping.,Kesor qintir ēdrus.
Those birds see the wolves.,Bonyz hontesse zoklī urnesi.
